nom;tournee;type;number_count;numbers
Coat- Lesmenguy;111;voie;2;344,486
Croas Gueon;111;voie;4;15,89,267,270
Estrevet Glaz;111;voie;8;1,3,4,5,6,7,9,11
Grand Rue;111;voie;18;1,2,3,5,7,9,10,11,12,13,14,15,16,17,18,20,22,26
Hent Poul Feunteun;111;voie;13;1,2,3,4,5,6,7,8,9,10,11,12,13
Impasse Abbadie;111;voie;5;1,2,3,4,5
Impasse des Coquelicots;111;voie;7;1,2,3,4,5,6,7
Impasse des Primeveres;111;voie;3;1,2,3
Impasse L'Orée du Bois;111;voie;10;1,2,3,4,5,6,7,8,9,11
Ker-Heol - Route de la mer;111;voie;1;2889
Keramoine;111;voie;13;235,255,260,312,448,464,486,509,519,548,551,576,646
Kerbinigou - Route de la mer;111;voie;4;3028,3052,3568,3724
Kerbinigou;111;voie;1;206
Kerfriden Ru;111;voie;1;213
Kerfriden Vian;111;voie;1;493
Kerfriden;111;voie;1;991
Kergamet;111;voie;5;477,517,526,536,549
Kergroas - Route de la mer;111;voie;12;858,876,887,902,938,1003,1093,1107,1118,1164,1251,1309
Kergroas;111;voie;9;36,49,74,79,102,203,243,257,292
Kerguenol;111;voie;7;387,608,632,906,916,1026,1072
Kerguido;111;voie;1;743
Kerlafine;111;voie;3;574,802,852
Kerlan;111;voie;5;207,257,338,388,402
Kerleoguy;111;voie;5;508,535,558,610,620
Kerlever;111;voie;2;437,465
Kerligou;111;voie;3;437,483,529
Kermenguy - Route de la mer;111;voie;1;1614
Kernevez;111;voie;4;168,200,225,301
Kerscaven;111;voie;1;697
Kersoualen;111;voie;2;170,250
Kerstephan - Route de la mer;111;voie;2;2331,2489
Keryere - Route de la mer;111;voie;3;62,112,234
Keryere;111;voie;4;18,115,121,148
Keryouenn;111;voie;2;206,258
Lahadic;111;voie;21;232,334,384,530,542,564,597,627,684,804,812,833,914,917,959,972,983,988,1012,1036,1082
Lesmenguy - Route de la mer;111;voie;3;1892,1988,2200
Lesmenguy;111;voie;4;161,181,184,192
Lespoul - Route de la mer;111;voie;1;1038
Lespoul;111;voie;12;28,91,246,273,348,387,395,405,419,443,460,496
Lessalous - Route de la mer;111;voie;3;2509,2556,2664
Lessalous;111;voie;8;88,105,184,196,205,217,231,258
Lesvagnol;111;voie;7;535,557,581,601,713,721,731
Lesveguen;111;voie;5;224,236,254,292,438
Leziric;111;voie;2;547,600
Menez Huella;111;voie;6;148,166,216,419,488,815
Menez-Huella - Route de la mer;111;voie;3;1945,1981,2039
Menez;111;voie;3;886,898,918
Minven;111;voie;9;174,224,268,373,405,435,457,475,523
Moguérou;111;voie;3;561,577,579
Pen Ar Prat;111;voie;2;1048,1096
Pencleuz;111;voie;7;404,426,448,452,456,460,474
Penhors;111;voie;10;815,825,1001,1015,1167,1171,1450,1495,1587,1609
Penlann;111;voie;8;319,349,453,505,525,555,573,601
Pouloupry;111;voie;3;519,582,623
Quelern;111;voie;2;762,782
Rue Abbadie;111;voie;11;1,2,3,4,6,7,8,9,10,11,12
Rue de l’Eglise;111;voie;6;1,2,3,5,7,9
Rue de la Fontaine;111;voie;5;2,3,4,5,6
Rue de la Gare;111;voie;8;1,2,3,4,5,6,9,12
Rue de la Mer;111;voie;10;1,2,3,5,7,9,11,13,15,17
Rue des Alizés;111;voie;5;2,3,4,5,7
Rue des Châtaigniers;111;voie;5;2,4,5,6,10
Rue des Genêts;111;voie;10;1,2,3,5,7,9,10,11,12,13
Rue du Stade;111;voie;10;2,4,5,6,7,8,9,10,11,13
Rundavid;111;voie;1;404
Stang Ven;111;voie;1;43
Stang-Ven - Route de la mer;111;voie;4;1720,1752,1775,1887
Tourne Ici;111;voie;6;47,52,68,116,127,143
Tourne-Ici - Route de la mer;111;voie;8;515,557,633,659,674,688,702,716
tourne-ici;111;voie;3;289,523,556
Trunvel;111;voie;13;1371,1417,1476,1477,1511,1527,1537,1540,1545,1553,1565,1579,1605
Ty Palud;111;voie;1;193
Ty Poul;111;voie;3;53,135,263
Viloury;111;voie;1;2